iter	Logloss
0	0.3820499179
1	0.2963102241
2	0.2614927513
3	0.2364724738
4	0.2050736532
